{"errors":[],"warnings":[],"namedChunkGroups":{"app":{"chunks":[13,2],"assets":["webpack-runtime-f28bfe9a35796855b8df.js","webpack-runtime-f28bfe9a35796855b8df.js.map","app-f2120723c970970ab616.js","app-f2120723c970970ab616.js.map"],"children":{},"childAssets":{}},"component---src-templates-case-studies-js":{"chunks":[0,1,3],"assets":["0-45b690c69c9dd75b4af7.js","0-45b690c69c9dd75b4af7.js.map","1.736212e67faef0b0b78c.css","1-ef342881e6c6ed837242.js","1-ef342881e6c6ed837242.js.map","component---src-templates-case-studies-js-6d6e6c578259f103b5e2.js","component---src-templates-case-studies-js-6d6e6c578259f103b5e2.js.map"],"children":{},"childAssets":{}},"component---src-templates-blog-js":{"chunks":[0,1,4],"assets":["0-45b690c69c9dd75b4af7.js","0-45b690c69c9dd75b4af7.js.map","1.736212e67faef0b0b78c.css","1-ef342881e6c6ed837242.js","1-ef342881e6c6ed837242.js.map","component---src-templates-blog-js-fdbc6bfb6abac080ee53.js","component---src-templates-blog-js-fdbc6bfb6abac080ee53.js.map"],"children":{},"childAssets":{}},"component---src-templates-about-js":{"chunks":[0,1,5],"assets":["0-45b690c69c9dd75b4af7.js","0-45b690c69c9dd75b4af7.js.map","1.736212e67faef0b0b78c.css","1-ef342881e6c6ed837242.js","1-ef342881e6c6ed837242.js.map","component---src-templates-about-js-20f672a9868d6cb0dc42.js","component---src-templates-about-js-20f672a9868d6cb0dc42.js.map"],"children":{},"childAssets":{}},"component---src-templates-freelance-js":{"chunks":[0,1,6],"assets":["0-45b690c69c9dd75b4af7.js","0-45b690c69c9dd75b4af7.js.map","1.736212e67faef0b0b78c.css","1-ef342881e6c6ed837242.js","1-ef342881e6c6ed837242.js.map","component---src-templates-freelance-js-92f880969364c5d7deb8.js","component---src-templates-freelance-js-92f880969364c5d7deb8.js.map"],"children":{},"childAssets":{}},"component---src-templates-post-js":{"chunks":[0,1,7],"assets":["0-45b690c69c9dd75b4af7.js","0-45b690c69c9dd75b4af7.js.map","1.736212e67faef0b0b78c.css","1-ef342881e6c6ed837242.js","1-ef342881e6c6ed837242.js.map","component---src-templates-post-js-31a585d9bbbc93174ff7.js","component---src-templates-post-js-31a585d9bbbc93174ff7.js.map"],"children":{},"childAssets":{}},"component---src-templates-case-study-js":{"chunks":[0,1,8],"assets":["0-45b690c69c9dd75b4af7.js","0-45b690c69c9dd75b4af7.js.map","1.736212e67faef0b0b78c.css","1-ef342881e6c6ed837242.js","1-ef342881e6c6ed837242.js.map","component---src-templates-case-study-js-4f18a280a6045fdcedb4.js","component---src-templates-case-study-js-4f18a280a6045fdcedb4.js.map"],"children":{},"childAssets":{}},"component---src-pages-404-js":{"chunks":[0,1,9],"assets":["0-45b690c69c9dd75b4af7.js","0-45b690c69c9dd75b4af7.js.map","1.736212e67faef0b0b78c.css","1-ef342881e6c6ed837242.js","1-ef342881e6c6ed837242.js.map","component---src-pages-404-js-879b382656689096ef34.js","component---src-pages-404-js-879b382656689096ef34.js.map"],"children":{},"childAssets":{}},"component---src-pages-index-js":{"chunks":[0,1,10],"assets":["0-45b690c69c9dd75b4af7.js","0-45b690c69c9dd75b4af7.js.map","1.736212e67faef0b0b78c.css","1-ef342881e6c6ed837242.js","1-ef342881e6c6ed837242.js.map","component---src-pages-index-js-9624c3c7c8733e77f958.js","component---src-pages-index-js-9624c3c7c8733e77f958.js.map"],"children":{},"childAssets":{}},"component---src-pages-page-2-js":{"chunks":[0,1,11],"assets":["0-45b690c69c9dd75b4af7.js","0-45b690c69c9dd75b4af7.js.map","1.736212e67faef0b0b78c.css","1-ef342881e6c6ed837242.js","1-ef342881e6c6ed837242.js.map","component---src-pages-page-2-js-9c19be488914c7b6248a.js","component---src-pages-page-2-js-9c19be488914c7b6248a.js.map"],"children":{},"childAssets":{}}},"assetsByChunkName":{"app":["webpack-runtime-f28bfe9a35796855b8df.js","app-f2120723c970970ab616.js"],"component---src-templates-case-studies-js":["0-45b690c69c9dd75b4af7.js","1.736212e67faef0b0b78c.css","1-ef342881e6c6ed837242.js","component---src-templates-case-studies-js-6d6e6c578259f103b5e2.js"],"component---src-templates-blog-js":["0-45b690c69c9dd75b4af7.js","1.736212e67faef0b0b78c.css","1-ef342881e6c6ed837242.js","component---src-templates-blog-js-fdbc6bfb6abac080ee53.js"],"component---src-templates-about-js":["0-45b690c69c9dd75b4af7.js","1.736212e67faef0b0b78c.css","1-ef342881e6c6ed837242.js","component---src-templates-about-js-20f672a9868d6cb0dc42.js"],"component---src-templates-freelance-js":["0-45b690c69c9dd75b4af7.js","1.736212e67faef0b0b78c.css","1-ef342881e6c6ed837242.js","component---src-templates-freelance-js-92f880969364c5d7deb8.js"],"component---src-templates-post-js":["0-45b690c69c9dd75b4af7.js","1.736212e67faef0b0b78c.css","1-ef342881e6c6ed837242.js","component---src-templates-post-js-31a585d9bbbc93174ff7.js"],"component---src-templates-case-study-js":["0-45b690c69c9dd75b4af7.js","1.736212e67faef0b0b78c.css","1-ef342881e6c6ed837242.js","component---src-templates-case-study-js-4f18a280a6045fdcedb4.js"],"component---src-pages-404-js":["0-45b690c69c9dd75b4af7.js","1.736212e67faef0b0b78c.css","1-ef342881e6c6ed837242.js","component---src-pages-404-js-879b382656689096ef34.js"],"component---src-pages-index-js":["0-45b690c69c9dd75b4af7.js","1.736212e67faef0b0b78c.css","1-ef342881e6c6ed837242.js","component---src-pages-index-js-9624c3c7c8733e77f958.js"],"component---src-pages-page-2-js":["0-45b690c69c9dd75b4af7.js","1.736212e67faef0b0b78c.css","1-ef342881e6c6ed837242.js","component---src-pages-page-2-js-9c19be488914c7b6248a.js"]}}